Amazon Category,keyword
4913556051,3D Printer
5016761051,Air Fryer
4851976051,Pillow
5017719051,Benchtop Dishwasher
5017192051,Built-in Oven
4975928051,Faux Mink Blanket
4975713051,Bathroom Mirror
5081873051,Baby Playpen
4885705051,Bluetooth Speaker
5016755051,Ceramic Cooktop
5016928051,Ceiling Fan
5016652051,Food Warmer
5265198051,Chest Freezer
4975796051,Chair Mat
5017379051,Panel Heater
5017214051,Commercial Ice Maker
5016609051,Commercial Blender
5016935051,Ceramic Tower Heater
4975538051,Blockout Curtain
5017374051,Ceramic Wall Heater
5148996051,Aroma Diffuser
5016922051,Aroma Diffuser
5016666051,Aroma Diffuser
4989974051,Aroma Diffuser
5016923051,Aroma Diffuser
4975497051,Aroma Diffuser
4975661051,DIY Storage System
4975659051,DIY Storage System
4975366051,DIY Storage System
4975325051,DIY Storage System
4975395051,DIY Storage System
5159493051,DIY Storage System
5017022051,DIY Storage System
5017371051,Evaporative Air Cooler
5149258051,Electric Blanket
5159267051,Electric Fire Heater
5017377051,Electric Patio Heater
5017161051,Electric Pizza Oven
5016937051,Bladeless Fan
5017209051,Food Dehydrator
4975414051,Floor Rug
5149250051,Foot Massager
5017422051,Vacuum Food Sealer
5016776051,Vacuum Food Sealer
5017617051,Washing Machine
5017382051,Gas Patio Heater
4975790051,Sit & Stand Desk
5159866051,Gas Water Heater
4975791051,Sit & Stand Desk
4851975051,Sit & Stand Desk
5016615051,Ice Cream Maker
5017672051,Industrial Vacuum Cleaner
5131713051,Jewellery Cabinet
4975786051,Kneeling Chair
4913467051,Laptop Desk
4989983051,Floor Lamp
4913305051,Monitor Arm
4975770051,Memory Foam Mattress Topper
5016934051,Misting Fan
4975785051,Massage Office Chair
4975329051,Mattress Protector
4975940051,Maternity Pillow
4915859051,Office Chair
4975379051,Office Chair
5016660051,Portable Air Conditioner
4975523051,Photo Frame
5046334051,Portable Gas Oven
4989971051,Pendant Light
4852560051,Sports Netting
4975697051,Pull Out Bin
4975692051,DIY Storage System
5016920051,Air Purifier
5017306051,Portable Washing Machine
4975933051,Quilt Cover
4975927051,Microfiber Quilt
4852151051,Range Hood
5017669051,Robot Vacuum Cleaner
5016917051,Split System Air Conditioner
5161371051,Drywall Sander
4975534051,Couch Cover
4975951051,Bed Sheet
4975973051,DIY Storage System
501715705,Juicer
5017455051,Slow Juicer
5737297051,Solar Panel
5045920051,Solar Panel
4885131051,LED TV
5017232051,Sous Vide Cooker
4851454051,Tumble Dryer
4851918051,Pillowtop Topper
4975653051,Pillowtop Topper
5016785051,Washing Machine
5017668051,Bagless Vacuum Cleaner
5017670051,Handstick Vacuum Cleaner
4885126051,Video Projector
5016919051,Window Box Air Conditioner
5159670051,Petrol High Pressure Washer
4975763051,Wooden Bed Frame
5017060051,Wine Cooler
5016789051,Water Cooler
4975403051,Baby Glider Chair
5016753051,Bread Maker
5159229051,DIY Storage System
5017187051,Vacuum Food Sealer
5016939051,Halogen Heater
5016759051,Meat Slicer
4975211051,Office Chair
4975817051,Office Chair
4915673051,Office Chair
5044745051,Office Chair
4915603051,Office Chair
4975772051,Pillowtop Topper
5150158051,Towel Steriliser
5150507051,Aroma Diffuser
5017666051,Bagless Vacuum Cleaner
5016935052,Tower Fan
